NHITS_MSE,NHITS_MAE,NBEATS_MSE,NBEATS_MAE,Autoformer_MSE,Autoformer_MAE,Informer_MSE,Informer_MAE
0.18279484416711375,0.26096806135482414,0.18438104521981233,0.26787761215132017,0.2553693649709975,0.335314053791251,0.41854652137837034,0.44489100335415205
0.0939831438577395,0.21575177800876147,0.08869165062500717,0.20772644795423467,0.16186159745834539,0.29645489161700217,0.9472710150138967,0.7146729706206408
0.165566619,0.19757447,0.1783033362809145,0.2078477432972212,0.2305957080980976,0.2897462153689631,0.2577551046103829,0.3196947730662484
